{"train/loss": 1.5104, "train/learning_rate": 4e-05, "train/epoch": 0.99, "train/global_step": 25, "_timestamp": 1744638385.2335165, "_runtime": 1089.6775693893433, "_step": 2, "train/train_runtime": 1095.3862, "train/train_samples_per_second": 5.925, "train/train_steps_per_second": 0.023, "train/total_flos": 2.6363734783328256e+16, "train/train_loss": 1.7012576675415039, "_wandb": {"runtime": 1088}}