{"train/loss": 1.5115, "train/learning_rate": 4e-05, "train/epoch": 0.99, "train/global_step": 25, "_timestamp": 1744641548.697402, "_runtime": 1071.4947810173035, "_step": 2, "train/train_runtime": 1074.1031, "train/train_samples_per_second": 6.042, "train/train_steps_per_second": 0.023, "train/total_flos": 2.636820770753741e+16, "train/train_loss": 1.6995546340942382, "_wandb": {"runtime": 1070}}